Name,Date,Entry,Exit
varun,12/5/2021,15:23:31 GMT+0530 (India Standard Time),15:56:51 GMT+0530 (India Standard Time)
siddharth,12/5/2021,15:23:31 GMT+0530 (India Standard Time),15:56:51 GMT+0530 (India Standard Time)
aman,12/5/2021,15:23:31 GMT+0530 (India Standard Time),15:56:51 GMT+0530 (India Standard Time)
hitesh,12/5/2021,15:23:31 GMT+0530 (India Standard Time),15:56:51 GMT+0530 (India Standard Time)
rahul,12/5/2021,15:23:31 GMT+0530 (India Standard Time),15:56:51 GMT+0530 (India Standard Time)
amit,12/5/2021,15:23:31 GMT+0530 (India Standard Time),15:56:51 GMT+0530 (India Standard Time)
deepesh,12/5/2021,15:23:31 GMT+0530 (India Standard Time),15:56:51 GMT+0530 (India Standard Time)
harsh,12/5/2021,15:23:31 GMT+0530 (India Standard Time),15:56:51 GMT+0530 (India Standard Time)
varun,16/5/2021,15:23:31 GMT+0530 (India Standard Time),15:56:51 GMT+0530 (India Standard Time)
siddharth,16/5/2021,15:23:31 GMT+0530 (India Standard Time),15:56:51 GMT+0530 (India Standard Time)
aman,16/5/2021,15:23:31 GMT+0530 (India Standard Time),15:56:51 GMT+0530 (India Standard Time)
hitesh,16/5/2021,15:23:31 GMT+0530 (India Standard Time),15:56:51 GMT+0530 (India Standard Time)
rahul,16/5/2021,15:23:31 GMT+0530 (India Standard Time),15:56:51 GMT+0530 (India Standard Time)
amit,16/5/2021,15:23:31 GMT+0530 (India Standard Time),15:56:51 GMT+0530 (India Standard Time)
deepesh,16/5/2021,15:23:31 GMT+0530 (India Standard Time),15:56:51 GMT+0530 (India Standard Time)
harsh,16/5/2021,15:23:31 GMT+0530 (India Standard Time),15:56:51 GMT+0530 (India Standard Time)
varun,20/5/2021,15:23:31 GMT+0530 (India Standard Time),15:56:51 GMT+0530 (India Standard Time)
siddharth,20/5/2021,15:23:31 GMT+0530 (India Standard Time),15:56:51 GMT+0530 (India Standard Time)
aman,20/5/2021,15:23:31 GMT+0530 (India Standard Time),15:56:51 GMT+0530 (India Standard Time)
hitesh,20/5/2021,15:23:31 GMT+0530 (India Standard Time),15:56:51 GMT+0530 (India Standard Time)
rahul,20/5/2021,15:23:31 GMT+0530 (India Standard Time),15:56:51 GMT+0530 (India Standard Time)
amit,20/5/2021,15:23:31 GMT+0530 (India Standard Time),15:56:51 GMT+0530 (India Standard Time)
deepesh,20/5/2021,15:23:31 GMT+0530 (India Standard Time),15:56:51 GMT+0530 (India Standard Time)
harsh,20/5/2021,15:23:31 GMT+0530 (India Standard Time),15:56:51 GMT+0530 (India Standard Time)
varun,24/5/2021,15:23:31 GMT+0530 (India Standard Time),15:56:51 GMT+0530 (India Standard Time)
siddharth,24/5/2021,15:23:31 GMT+0530 (India Standard Time),15:56:51 GMT+0530 (India Standard Time)
aman,24/5/2021,15:23:31 GMT+0530 (India Standard Time),15:56:51 GMT+0530 (India Standard Time)
hitesh,24/5/2021,15:23:31 GMT+0530 (India Standard Time),15:56:51 GMT+0530 (India Standard Time)
rahul,24/5/2021,15:23:31 GMT+0530 (India Standard Time),15:56:51 GMT+0530 (India Standard Time)
amit,24/5/2021,15:23:31 GMT+0530 (India Standard Time),15:56:51 GMT+0530 (India Standard Time)
deepesh,24/5/2021,15:23:31 GMT+0530 (India Standard Time),15:56:51 GMT+0530 (India Standard Time)
harsh,24/5/2021,15:23:31 GMT+0530 (India Standard Time),15:56:51 GMT+0530 (India Standard Time)
varun,28/5/2021,15:23:31 GMT+0530 (India Standard Time),15:56:51 GMT+0530 (India Standard Time)
siddharth,28/5/2021,15:23:31 GMT+0530 (India Standard Time),15:56:51 GMT+0530 (India Standard Time)
aman,28/5/2021,15:23:31 GMT+0530 (India Standard Time),15:56:51 GMT+0530 (India Standard Time)
hitesh,28/5/2021,15:23:31 GMT+0530 (India Standard Time),15:56:51 GMT+0530 (India Standard Time)
rahul,28/5/2021,15:23:31 GMT+0530 (India Standard Time),15:56:51 GMT+0530 (India Standard Time)
amit,28/5/2021,15:23:31 GMT+0530 (India Standard Time),15:56:51 GMT+0530 (India Standard Time)
deepesh,28/5/2021,15:23:31 GMT+0530 (India Standard Time),15:56:51 GMT+0530 (India Standard Time)
harsh,28/5/2021,15:23:31 GMT+0530 (India Standard Time),15:56:51 GMT+0530 (India Standard Time)
varun,31/5/2021,15:23:31 GMT+0530 (India Standard Time),15:56:51 GMT+0530 (India Standard Time)
siddharth,31/5/2021,15:23:31 GMT+0530 (India Standard Time),15:56:51 GMT+0530 (India Standard Time)
aman,31/5/2021,15:23:31 GMT+0530 (India Standard Time),15:56:51 GMT+0530 (India Standard Time)
hitesh,31/5/2021,15:23:31 GMT+0530 (India Standard Time),15:56:51 GMT+0530 (India Standard Time)
rahul,31/5/2021,15:23:31 GMT+0530 (India Standard Time),15:56:51 GMT+0530 (India Standard Time)
amit,31/5/2021,15:23:31 GMT+0530 (India Standard Time),15:56:51 GMT+0530 (India Standard Time)
deepesh,31/5/2021,15:23:31 GMT+0530 (India Standard Time),15:56:51 GMT+0530 (India Standard Time)
harsh,31/5/2021,15:23:31 GMT+0530 (India Standard Time),15:56:51 GMT+0530 (India Standard Time)
varun,5/6/2021,15:23:31 GMT+0530 (India Standard Time),15:56:51 GMT+0530 (India Standard Time)
siddharth,5/6/2021,15:23:31 GMT+0530 (India Standard Time),15:56:51 GMT+0530 (India Standard Time)
aman,5/6/2021,15:23:31 GMT+0530 (India Standard Time),15:56:51 GMT+0530 (India Standard Time)
hitesh,5/6/2021,15:23:31 GMT+0530 (India Standard Time),15:56:51 GMT+0530 (India Standard Time)
rahul,5/6/2021,15:23:31 GMT+0530 (India Standard Time),15:56:51 GMT+0530 (India Standard Time)
amit,5/6/2021,15:23:31 GMT+0530 (India Standard Time),15:56:51 GMT+0530 (India Standard Time)
deepesh,5/6/2021,15:23:31 GMT+0530 (India Standard Time),15:56:51 GMT+0530 (India Standard Time)
harsh,5/6/2021,15:23:31 GMT+0530 (India Standard Time),15:56:51 GMT+0530 (India Standard Time)
varun,10/6/2021,15:23:31 GMT+0530 (India Standard Time),15:56:51 GMT+0530 (India Standard Time)
siddharth,10/6/2021,15:23:31 GMT+0530 (India Standard Time),15:56:51 GMT+0530 (India Standard Time)
aman,10/6/2021,15:23:31 GMT+0530 (India Standard Time),15:56:51 GMT+0530 (India Standard Time)
hitesh,10/6/2021,15:23:31 GMT+0530 (India Standard Time),15:56:51 GMT+0530 (India Standard Time)
rahul,10/6/2021,15:23:31 GMT+0530 (India Standard Time),15:56:51 GMT+0530 (India Standard Time)
amit,10/6/2021,15:23:31 GMT+0530 (India Standard Time),15:56:51 GMT+0530 (India Standard Time)
deepesh,10/6/2021,15:23:31 GMT+0530 (India Standard Time),15:56:51 GMT+0530 (India Standard Time)
harsh,10/6/2021,15:23:31 GMT+0530 (India Standard Time),15:56:51 GMT+0530 (India Standard Time)
varun,15/6/2021,15:23:31 GMT+0530 (India Standard Time),15:56:51 GMT+0530 (India Standard Time)
siddharth,15/6/2021,15:23:31 GMT+0530 (India Standard Time),15:56:51 GMT+0530 (India Standard Time)
aman,15/6/2021,15:23:31 GMT+0530 (India Standard Time),15:56:51 GMT+0530 (India Standard Time)
hitesh,15/6/2021,15:23:31 GMT+0530 (India Standard Time),15:56:51 GMT+0530 (India Standard Time)
rahul,15/6/2021,15:23:31 GMT+0530 (India Standard Time),15:56:51 GMT+0530 (India Standard Time)
amit,15/6/2021,15:23:31 GMT+0530 (India Standard Time),15:56:51 GMT+0530 (India Standard Time)
deepesh,15/6/2021,15:23:31 GMT+0530 (India Standard Time),15:56:51 GMT+0530 (India Standard Time)
harsh,15/6/2021,15:23:31 GMT+0530 (India Standard Time),15:56:51 GMT+0530 (India Standard Time)
varun,20/6/2021,15:23:31 GMT+0530 (India Standard Time),15:56:51 GMT+0530 (India Standard Time)
siddharth,20/6/2021,15:23:31 GMT+0530 (India Standard Time),15:56:51 GMT+0530 (India Standard Time)
aman,20/6/2021,15:23:31 GMT+0530 (India Standard Time),15:56:51 GMT+0530 (India Standard Time)
hitesh,20/6/2021,15:23:31 GMT+0530 (India Standard Time),15:56:51 GMT+0530 (India Standard Time)
rahul,20/6/2021,15:23:31 GMT+0530 (India Standard Time),15:56:51 GMT+0530 (India Standard Time)
amit,20/6/2021,15:23:31 GMT+0530 (India Standard Time),15:56:51 GMT+0530 (India Standard Time)
deepesh,20/6/2021,15:23:31 GMT+0530 (India Standard Time),15:56:51 GMT+0530 (India Standard Time)
harsh,20/6/2021,15:23:31 GMT+0530 (India Standard Time),15:56:51 GMT+0530 (India Standard Time)
varun,25/6/2021,15:23:31 GMT+0530 (India Standard Time),15:56:51 GMT+0530 (India Standard Time)
siddharth,25/6/2021,15:23:31 GMT+0530 (India Standard Time),15:56:51 GMT+0530 (India Standard Time)
aman,25/6/2021,15:23:31 GMT+0530 (India Standard Time),15:56:51 GMT+0530 (India Standard Time)
hitesh,25/6/2021,15:23:31 GMT+0530 (India Standard Time),15:56:51 GMT+0530 (India Standard Time)
rahul,25/6/2021,15:23:31 GMT+0530 (India Standard Time),15:56:51 GMT+0530 (India Standard Time)
amit,25/6/2021,15:23:31 GMT+0530 (India Standard Time),15:56:51 GMT+0530 (India Standard Time)
deepesh,25/6/2021,15:23:31 GMT+0530 (India Standard Time),15:56:51 GMT+0530 (India Standard Time)
harsh,25/6/2021,15:23:31 GMT+0530 (India Standard Time),15:56:51 GMT+0530 (India Standard Time)
varun,30/6/2021,15:23:31 GMT+0530 (India Standard Time),15:56:51 GMT+0530 (India Standard Time)
siddharth,30/6/2021,15:23:31 GMT+0530 (India Standard Time),15:56:51 GMT+0530 (India Standard Time)
aman,30/6/2021,15:23:31 GMT+0530 (India Standard Time),15:56:51 GMT+0530 (India Standard Time)
hitesh,30/6/2021,15:23:31 GMT+0530 (India Standard Time),15:56:51 GMT+0530 (India Standard Time)
rahul,30/6/2021,15:23:31 GMT+0530 (India Standard Time),15:56:51 GMT+0530 (India Standard Time)
amit,30/6/2021,15:23:31 GMT+0530 (India Standard Time),15:56:51 GMT+0530 (India Standard Time)
deepesh,30/6/2021,15:23:31 GMT+0530 (India Standard Time),15:56:51 GMT+0530 (India Standard Time)
harsh,30/6/2021,15:23:31 GMT+0530 (India Standard Time),15:56:51 GMT+0530 (India Standard Time)
varun,5/7/2021,15:23:31 GMT+0530 (India Standard Time),15:56:51 GMT+0530 (India Standard Time)
siddharth,5/7/2021,15:23:31 GMT+0530 (India Standard Time),15:56:51 GMT+0530 (India Standard Time)
aman,5/7/2021,15:23:31 GMT+0530 (India Standard Time),15:56:51 GMT+0530 (India Standard Time)
hitesh,5/7/2021,15:23:31 GMT+0530 (India Standard Time),15:56:51 GMT+0530 (India Standard Time)
rahul,5/7/2021,15:23:31 GMT+0530 (India Standard Time),15:56:51 GMT+0530 (India Standard Time)
amit,5/7/2021,15:23:31 GMT+0530 (India Standard Time),15:56:51 GMT+0530 (India Standard Time)
deepesh,5/7/2021,15:23:31 GMT+0530 (India Standard Time),15:56:51 GMT+0530 (India Standard Time)
harsh,5/7/2021,15:23:31 GMT+0530 (India Standard Time),15:56:51 GMT+0530 (India Standard Time)
varun,10/7/2021,15:23:31 GMT+0530 (India Standard Time),15:56:51 GMT+0530 (India Standard Time)
siddharth,10/7/2021,15:23:31 GMT+0530 (India Standard Time),15:56:51 GMT+0530 (India Standard Time)
aman,10/7/2021,15:23:31 GMT+0530 (India Standard Time),15:56:51 GMT+0530 (India Standard Time)
hitesh,10/7/2021,15:23:31 GMT+0530 (India Standard Time),15:56:51 GMT+0530 (India Standard Time)
rahul,10/7/2021,15:23:31 GMT+0530 (India Standard Time),15:56:51 GMT+0530 (India Standard Time)
amit,10/7/2021,15:23:31 GMT+0530 (India Standard Time),15:56:51 GMT+0530 (India Standard Time)
deepesh,10/7/2021,15:23:31 GMT+0530 (India Standard Time),15:56:51 GMT+0530 (India Standard Time)
harsh,10/7/2021,15:23:31 GMT+0530 (India Standard Time),15:56:51 GMT+0530 (India Standard Time)
varun,15/7/2021,15:23:31 GMT+0530 (India Standard Time),15:56:51 GMT+0530 (India Standard Time)
siddharth,15/7/2021,15:23:31 GMT+0530 (India Standard Time),15:56:51 GMT+0530 (India Standard Time)
aman,15/7/2021,15:23:31 GMT+0530 (India Standard Time),15:56:51 GMT+0530 (India Standard Time)
hitesh,15/7/2021,15:23:31 GMT+0530 (India Standard Time),15:56:51 GMT+0530 (India Standard Time)
rahul,15/7/2021,15:23:31 GMT+0530 (India Standard Time),15:56:51 GMT+0530 (India Standard Time)
amit,15/7/2021,15:23:31 GMT+0530 (India Standard Time),15:56:51 GMT+0530 (India Standard Time)
deepesh,15/7/2021,15:23:31 GMT+0530 (India Standard Time),15:56:51 GMT+0530 (India Standard Time)
harsh,15/7/2021,15:23:31 GMT+0530 (India Standard Time),15:56:51 GMT+0530 (India Standard Time)
varun,20/7/2021,15:23:31 GMT+0530 (India Standard Time),15:56:51 GMT+0530 (India Standard Time)
siddharth,20/7/2021,15:23:31 GMT+0530 (India Standard Time),15:56:51 GMT+0530 (India Standard Time)
aman,20/7/2021,15:23:31 GMT+0530 (India Standard Time),15:56:51 GMT+0530 (India Standard Time)
hitesh,20/7/2021,15:23:31 GMT+0530 (India Standard Time),15:56:51 GMT+0530 (India Standard Time)
rahul,20/7/2021,15:23:31 GMT+0530 (India Standard Time),15:56:51 GMT+0530 (India Standard Time)
amit,20/7/2021,15:23:31 GMT+0530 (India Standard Time),15:56:51 GMT+0530 (India Standard Time)
deepesh,20/7/2021,15:23:31 GMT+0530 (India Standard Time),15:56:51 GMT+0530 (India Standard Time)
harsh,20/7/2021,15:23:31 GMT+0530 (India Standard Time),15:56:51 GMT+0530 (India Standard Time)
hitesh,25/7/2021,15:23:31 GMT+0530 (India Standard Time),15:56:51 GMT+0530 (India Standard Time)
rahul,25/7/2021,15:23:31 GMT+0530 (India Standard Time),15:56:51 GMT+0530 (India Standard Time)
amit,25/7/2021,15:23:31 GMT+0530 (India Standard Time),15:56:51 GMT+0530 (India Standard Time)
deepesh,25/7/2021,15:23:31 GMT+0530 (India Standard Time),15:56:51 GMT+0530 (India Standard Time)
harsh,25/7/2021,15:23:31 GMT+0530 (India Standard Time),15:56:51 GMT+0530 (India Standard Time)
hitesh,30/8/2021,15:23:31 GMT+0530 (India Standard Time),15:56:51 GMT+0530 (India Standard Time)
rahul,30/8/2021,15:23:31 GMT+0530 (India Standard Time),15:56:51 GMT+0530 (India Standard Time)
amit,30/8/2021,15:23:31 GMT+0530 (India Standard Time),15:56:51 GMT+0530 (India Standard Time)
deepesh,30/8/2021,15:23:31 GMT+0530 (India Standard Time),15:56:51 GMT+0530 (India Standard Time)
harsh,30/8/2021,15:23:31 GMT+0530 (India Standard Time),15:56:51 GMT+0530 (India Standard Time)
hitesh,5/9/2021,15:23:31 GMT+0530 (India Standard Time),15:56:51 GMT+0530 (India Standard Time)
rahul,5/9/2021,15:23:31 GMT+0530 (India Standard Time),15:56:51 GMT+0530 (India Standard Time)
amit,5/9/2021,15:23:31 GMT+0530 (India Standard Time),15:56:51 GMT+0530 (India Standard Time)
deepesh,5/9/2021,15:23:31 GMT+0530 (India Standard Time),15:56:51 GMT+0530 (India Standard Time)
harsh,5/9/2021,15:23:31 GMT+0530 (India Standard Time),15:56:51 GMT+0530 (India Standard Time)
hitesh,10/9/2021,15:23:31 GMT+0530 (India Standard Time),15:56:51 GMT+0530 (India Standard Time)
rahul,10/9/2021,15:23:31 GMT+0530 (India Standard Time),15:56:51 GMT+0530 (India Standard Time)
amit,10/9/2021,15:23:31 GMT+0530 (India Standard Time),15:56:51 GMT+0530 (India Standard Time)
deepesh,10/9/2021,15:23:31 GMT+0530 (India Standard Time),15:56:51 GMT+0530 (India Standard Time)
harsh,10/9/2021,15:23:31 GMT+0530 (India Standard Time),15:56:51 GMT+0530 (India Standard Time)
hitesh,15/9/2021,15:23:31 GMT+0530 (India Standard Time),15:56:51 GMT+0530 (India Standard Time)
rahul,15/9/2021,15:23:31 GMT+0530 (India Standard Time),15:56:51 GMT+0530 (India Standard Time)
amit,15/9/2021,15:23:31 GMT+0530 (India Standard Time),15:56:51 GMT+0530 (India Standard Time)
deepesh,15/9/2021,15:23:31 GMT+0530 (India Standard Time),15:56:51 GMT+0530 (India Standard Time)
harsh,15/9/2021,15:23:31 GMT+0530 (India Standard Time),15:56:51 GMT+0530 (India Standard Time)
hitesh,20/9/2021,15:23:31 GMT+0530 (India Standard Time),15:56:51 GMT+0530 (India Standard Time)
rahul,20/9/2021,15:23:31 GMT+0530 (India Standard Time),15:56:51 GMT+0530 (India Standard Time)
amit,20/9/2021,15:23:31 GMT+0530 (India Standard Time),15:56:51 GMT+0530 (India Standard Time)
deepesh,20/9/2021,15:23:31 GMT+0530 (India Standard Time),15:56:51 GMT+0530 (India Standard Time)
harsh,20/9/2021,15:23:31 GMT+0530 (India Standard Time),15:56:51 GMT+0530 (India Standard Time)
hitesh,25/9/2021,15:23:31 GMT+0530 (India Standard Time),15:56:51 GMT+0530 (India Standard Time)
rahul,25/9/2021,15:23:31 GMT+0530 (India Standard Time),15:56:51 GMT+0530 (India Standard Time)
amit,25/9/2021,15:23:31 GMT+0530 (India Standard Time),15:56:51 GMT+0530 (India Standard Time)
deepesh,25/9/2021,15:23:31 GMT+0530 (India Standard Time),15:56:51 GMT+0530 (India Standard Time)
harsh,25/9/2021,15:23:31 GMT+0530 (India Standard Time),15:56:51 GMT+0530 (India Standard Time)
hitesh,30/9/2021,15:23:31 GMT+0530 (India Standard Time),15:56:51 GMT+0530 (India Standard Time)
rahul,30/9/2021,15:23:31 GMT+0530 (India Standard Time),15:56:51 GMT+0530 (India Standard Time)
amit,30/9/2021,15:23:31 GMT+0530 (India Standard Time),15:56:51 GMT+0530 (India Standard Time)
deepesh,30/9/2021,15:23:31 GMT+0530 (India Standard Time),15:56:51 GMT+0530 (India Standard Time)
harsh,30/9/2021,15:23:31 GMT+0530 (India Standard Time),15:56:51 GMT+0530 (India Standard Time)
hitesh,5/10/2021,15:23:31 GMT+0530 (India Standard Time),15:56:51 GMT+0530 (India Standard Time)
rahul,5/10/2021,15:23:31 GMT+0530 (India Standard Time),15:56:51 GMT+0530 (India Standard Time)
amit,5/10/2021,15:23:31 GMT+0530 (India Standard Time),15:56:51 GMT+0530 (India Standard Time)
deepesh,5/10/2021,15:23:31 GMT+0530 (India Standard Time),15:56:51 GMT+0530 (India Standard Time)
harsh,5/10/2021,15:23:31 GMT+0530 (India Standard Time),15:56:51 GMT+0530 (India Standard Time)
hitesh,10/10/2021,15:23:31 GMT+0530 (India Standard Time),15:56:51 GMT+0530 (India Standard Time)
rahul,10/10/2021,15:23:31 GMT+0530 (India Standard Time),15:56:51 GMT+0530 (India Standard Time)
amit,10/10/2021,15:23:31 GMT+0530 (India Standard Time),15:56:51 GMT+0530 (India Standard Time)
deepesh,10/10/2021,15:23:31 GMT+0530 (India Standard Time),15:56:51 GMT+0530 (India Standard Time)
harsh,10/10/2021,15:23:31 GMT+0530 (India Standard Time),15:56:51 GMT+0530 (India Standard Time)
hitesh,15/10/2021,15:23:31 GMT+0530 (India Standard Time),15:56:51 GMT+0530 (India Standard Time)
rahul,15/10/2021,15:23:31 GMT+0530 (India Standard Time),15:56:51 GMT+0530 (India Standard Time)
amit,15/10/2021,15:23:31 GMT+0530 (India Standard Time),15:56:51 GMT+0530 (India Standard Time)
deepesh,15/10/2021,15:23:31 GMT+0530 (India Standard Time),15:56:51 GMT+0530 (India Standard Time)
harsh,15/10/2021,15:23:31 GMT+0530 (India Standard Time),15:56:51 GMT+0530 (India Standard Time)
hitesh,20/10/2021,15:23:31 GMT+0530 (India Standard Time),15:56:51 GMT+0530 (India Standard Time)
rahul,20/10/2021,15:23:31 GMT+0530 (India Standard Time),15:56:51 GMT+0530 (India Standard Time)
amit,20/10/2021,15:23:31 GMT+0530 (India Standard Time),15:56:51 GMT+0530 (India Standard Time)
deepesh,20/10/2021,15:23:31 GMT+0530 (India Standard Time),15:56:51 GMT+0530 (India Standard Time)
harsh,20/10/2021,15:23:31 GMT+0530 (India Standard Time),15:56:51 GMT+0530 (India Standard Time)
hitesh,25/10/2021,15:23:31 GMT+0530 (India Standard Time),15:56:51 GMT+0530 (India Standard Time)
rahul,25/10/2021,15:23:31 GMT+0530 (India Standard Time),15:56:51 GMT+0530 (India Standard Time)
amit,25/10/2021,15:23:31 GMT+0530 (India Standard Time),15:56:51 GMT+0530 (India Standard Time)
deepesh,25/10/2021,15:23:31 GMT+0530 (India Standard Time),15:56:51 GMT+0530 (India Standard Time)
harsh,25/10/2021,15:23:31 GMT+0530 (India Standard Time),15:56:51 GMT+0530 (India Standard Time)
hitesh,30/10/2021,15:23:31 GMT+0530 (India Standard Time),15:56:51 GMT+0530 (India Standard Time)
rahul,30/10/2021,15:23:31 GMT+0530 (India Standard Time),15:56:51 GMT+0530 (India Standard Time)
amit,30/10/2021,15:23:31 GMT+0530 (India Standard Time),15:56:51 GMT+0530 (India Standard Time)
deepesh,30/10/2021,15:23:31 GMT+0530 (India Standard Time),15:56:51 GMT+0530 (India Standard Time)
harsh,30/10/2021,15:23:31 GMT+0530 (India Standard Time),15:56:51 GMT+0530 (India Standard Time)
hitesh,5/11/2021,15:23:31 GMT+0530 (India Standard Time),15:56:51 GMT+0530 (India Standard Time)
rahul,5/11/2021,15:23:31 GMT+0530 (India Standard Time),15:56:51 GMT+0530 (India Standard Time)
amit,5/11/2021,15:23:31 GMT+0530 (India Standard Time),15:56:51 GMT+0530 (India Standard Time)
deepesh,5/11/2021,15:23:31 GMT+0530 (India Standard Time),15:56:51 GMT+0530 (India Standard Time)
harsh,5/11/2021,15:23:31 GMT+0530 (India Standard Time),15:56:51 GMT+0530 (India Standard Time)
hitesh,10/11/2021,15:23:31 GMT+0530 (India Standard Time),15:56:51 GMT+0530 (India Standard Time)
rahul,10/11/2021,15:23:31 GMT+0530 (India Standard Time),15:56:51 GMT+0530 (India Standard Time)
amit,10/11/2021,15:23:31 GMT+0530 (India Standard Time),15:56:51 GMT+0530 (India Standard Time)
deepesh,10/11/2021,15:23:31 GMT+0530 (India Standard Time),15:56:51 GMT+0530 (India Standard Time)
harsh,10/11/2021,15:23:31 GMT+0530 (India Standard Time),15:56:51 GMT+0530 (India Standard Time)
